begin;
INSERT INTO Brand(id, name)
VALUES (1, 'HP'),
       (2, 'Acer'),
       (3, 'Samsung'),
       (4, 'Asus'),
       (5, 'Apple'),
       (6, 'Google'),
       (7, 'Oneplus'),
       (8, 'Logitech'),
       (9, 'NOS'),
       (10, 'Corsair'),
       (11, 'Nordic Games'),
       (12, 'LG'),
       (13, 'HyperX'),
       (14, 'JBL'),
       (15, 'AceZone'),
       (16, 'Piranha'),
       (17, 'Arozzi');

--parent Categories (with descriptions)
INSERT INTO Category(id, name, description)
VALUES (1, 'Computer og kontor',
        'Se vores store udvalg af computere. Vi har PC-komponenter, software, computertilbehør og meget mere!'),
       (2, 'Mobil, Tablet og Smartwatch',
        'Udforsk udvalget af mobiler, tablets og smartwatches fra kendte mærker såsom Apple, Samsung, Huawei, Motorola og OnePlus.'),
       (3, 'TV, Lyd og Smart Home',
        'Hos Arnes Electronics finder du, hvad du har brug for inden for TV, lyd og Smart Home'),
       (4, 'Gaming',
        'Vi har alt til gaming - fra fede headset og mus til de nyeste spil, gamer-computere og konsoller.');

INSERT INTO product(name, description, EAN, price, hidden_status, category_id, brand_id)
VALUES ('HP Laptop 15s i3-12/8/512 15,6" bærbar computer',
        'Med denne HP Laptop 15s i3-12/8/512 15,6" bærbare computer kan du nemt redigere dokumenter, streame film i smuk HD og surfe på nettet, mens du er på farten. Den kører på en dual-core Intel-processor, der er assisteret af en hurtig M.2 SSD.',
        '642101', 5499.00, false, 1, 1),
       ('HP Laptop 15s Ryzen-7/8/512 15,6" bærbar computer',
        'Denne HP 15s-eq2844no 15,6" bærbare computer kombinerer et let-transportabelt design og glat ydeevne leveret af AMD Ryzen™ 7 5700U-processoren. Sammen med 15,6" FHD-skærmen får du en vel-afrundet computer til dine daglige computer-behov.',
        '618574', 6999.00, false, 1, 1),
       ('Acer Aspire 1 Cel/4/128 14" bærbar computer (Pure Silver)',
        'Denne Acer Aspire 1 14" bærbare computer giver dig alle de ting, du skal bruge for at holde trit med dine produktivitetsmål. Den kører på en kompetent Intel® Celeron®-processor og klarer dine daglige opgaver med absolut lethed og komfort.',
        '616149', 2999.00, false, 1, 2),
       ('Samsung Odyssey G55C LS27CG552EUXEN 27” buet VA gaming-skærm',
        'Denne HP 15s-eq2844no 15,6" bærbare computer kombinerer et let-transportabelt design og glat ydeevne leveret af AMD Ryzen™ 7 5700U-processoren. Sammen med 15,6" FHD-skærmen får du en vel-afrundet computer til dine daglige computer-behov.',
        '746288', 6999.00, false, 1, 3),
       ('Asus VG27AQ 27" TUF gaming skærm (sort)',
        'Gør din gaming-oplevelse bedre med Asus VG27AQ gaming skærmen, der har et næsten rammeløst design, der lader dig fokusere på dit spil og som leverer flydende, visuelle billeder med Asis Extreme Low Motion Blur Sync-teknologi.',
        '329243', 2489.00, false, 1, 4),

       ('Samsung Odyssey G8 S34BG850S 34" buet OLED-skærm (sølv)',
        'Denne Samsung Odyssey G8 S34BG850S 34" buede OLED-skærm hjælper dig med at leve dig helt ind i hurtige spil og film. OLED-panelet er en bred skærm med WQHD 1440p opløsning med et godt kontrastforhold, en høj opdateringshastighed og AMD FreeSync.',
        '562075', 6499.00, false, 1, 3),
       ('iPhone 15 Pro 5G smartphone 128GB Sort Titanium',
        'iPhone 15 Pro smartphonen er udstyret med en fantastisk triple-kamera opsætning i professionel kvalitet, en kraftfuld A17 Pro Bionic-processor, 5G-dataforbindelse, et stort batteri samt mulighed for både kablet og MagSafe trådløs opladning.',
        '672987', 8222.00, false, 2, 5),
       ('Samsung Galaxy S22 5G smartphone, 8/128GB (Phantom Black)',
        'iPhone 15 Pro smartphonen er udstyret med en fantastisk triple-kamera opsætning i professionel kvalitet, en kraftfuld A17 Pro Bionic-processor, 5G-dataforbindelse, et stort batteri samt mulighed for både kablet og MagSafe trådløs opladning.',
        '414961', 3499.00, false, 2, 3),
       ('iPhone 15 – 5G smartphone 128GB Sort',
        'iPhone 15 smartphonen har et imponerende 48 MP hovedkamera med en Photonic-motor, en kraftfuld A16 Bionic-processor og 5G-dataforbindelse. Det store batteri og flere opladningsmuligheder sikrer en langvarig oplevelse.',
        '673005', 6299.00, false, 2, 5),
       ('Google Pixel 8a 5G smartphone 8/256GB (Obsidian)',
        'Nyd at se videoer, spille spil og udføre alle dine daglige opgaver med Google Pixel 8a 5G smartphonen, der har en 6,1" OLED 120Hz-skærm, et dobbelt kamerasystem med en hovedlinse på 64MP og en Google Tensor G3-processor, der giver en fantastisk ydeevne.',
        '767145', 4799.00, false, 2, 6),

       ('Google Pixel 8a 5G smartphone 8/128GB (Bay)',
        'Nyd at se videoer, spille spil og udføre alle dine daglige opgaver med Google Pixel 8a 5G smartphonen, der har en 6,1" OLED 120Hz-skærm, et dobbelt kamerasystem med en hovedlinse på 64MP og en Google Tensor G3-processor, der giver en fantastisk ydeevne.',
        '767150', 4299.00, false, 2, 6),
       ('OnePlus Nord CE 3 Lite 5G 8/128 (grøn)',
        'OnePlus Nord CE 3 Lite 5G klarer til alle dine dagligdagsbehov. Du får en stor 6,72" skærm med 120 Hz opdateringshastighed, kraftfuld octa-core Snapdragon-processor, 8 GB RAM og et ekstra stort 5.000 mAh batteri med 67 W SUPERVOOC-opladning.',
        '607327', 1888.00, false, 2, 7),
       ('Logitech G502 Lightspeed trådløs gamingmus',
        'Gå i kamp med en stærk makker ved din side. Den trådløse Logitech G502 Lightspeed gaming-mus har op til 25.600 DPI senitivitet og 400 IPS hastighed, letvægtsdesign og justérbar vægt samt 11 programmérbare knapper.',
        '31579', 699.00, false, 1, 8),
       ('NOS M-650 gaming mus (hvid)',
        'Med denne NOS M-650 gaming mus er du sikker på at ramme det, du sigter på. Musen har en justerbar DPI på op til 7.200 og er udstyret med 6 programmerbare knapper samt fuldt justerbart RGB-lys. Musen vejer 72 g og er designet med honeycomb-struktur.',
        '189440', 299.00, false, 1, 9),
       ('Logitech MX Anywhere 2S mus',
        'Logitech MX Anywhere 2S musen gør alt og mere til. Opret forbindelse til op til tre enheder, og kopier og indsæt mellem dem. Spil med op til 4.000 dpi og en Derkfield-sensor. Alt dette med 70 dages batteritid.',
        '698794', 699.00, false, 1, 8),

       ('Corsair K55 RGB PRO gaming tastatur (nordisk layout)',
        'Corsair K55 RGB PRO gaming tastaturet kan blive dit hemmelige våben takker være dets 6 macro taster, der kan justeres via iCUE software samt medietaster. Desuden kan 5-zone RGB-lyset lyse op med 16 millioner farver i dit gaming hjørne.',
        '294719', 389.00, false, 1, 10),
       ('Logitech G413 SE gaming tastatur',
        'Logitech G413 SE gaming tastaturet er skabt til uforlignelig ydeevne til seriøse gamere. De taktile og mekaniske gaming taster med anti-ghosting og hvid LED-bagbelysning er designet til maksimal ydeevne.',
        '480827', 399.00, false, 1, 8),
       ('The Shrimp Model 1 mekanisk gaming tastatur (pinkey)',
        'Giv din spiloplevelse et løft, når du er på rejse, med det mekaniske Shrimp Model 1 gaming tastatur. Det leveres med Gateron G pro-kontakter, Cherry-profiltaster og et globalt layout med 25 taster, der fremhæver de taster, der er vigtige for gaming',
        '542711', 599.00, false, 1, 11),
       ('Logitech Brio 300 webkamera (hvid)',
        'Hold dig skarp under videoopkald med Logitech Brio 300 webkameraet. Du får automatisk lyskorrektion, en støjreducerende mikrofon, samt et 1080p-kamera, der leverer skarp video. Privatlivslågen passer derudover på dig, når kameraet ikke er i brug.',
        '571657', 599.00, false, 1, 8),
       ('Logitech Brio 300 webkamera (pink)',
        'Hold dig skarp under videoopkald med Logitech Brio 300 webkameraet. Du får automatisk lyskorrektion, en støjreducerende mikrofon, samt et 1080p-kamera, der leverer skarp video. Privatlivslågen passer derudover på dig, når kameraet ikke er i brug.',
        '571658', 599.00, false, 1, 8),

       ('Logitech Brio 500 webkamera (off white)',
        'Logitech Brio 500 webkameraet gør din mødeoplevelse mere naturlig med autoindramning, som holder dig i centrum, Show Mode til bedre samarbejde og Auto Light Correction, som gør billedet klarere, selv i dårligt lys.',
        '514893', 919.00, false, 1, 8),
       ('Samsung 55" Q77C 4K QLED Smart TV (2023)',
        'Samsung 55" Q77C 4K QLED Smart TV et leverer en fantastisk billedkvalitet, der er velegnet til gaming takket være Quantum Dot-teknologien, AI Quantum-processoren, 100 % Colour Volume, AMD FreeSync Premium Pro og andre spilfunktioner.',
        '602758', 5555.00, false, 3, 3),
       ('LG 55" C3 4K OLED evo TV (2023)',
        'OLED evo C3, LG’s mest prisbelønnede serie, kombinerer OLED evo-teknologi for et lysere og mere farverigt billede. Formatunderstøttelse af alle tilstande, f.eks. Dolby Vision, Dolby Atmos, eARC, G-Sync og FreeSync.',
        '602657', 12490.00, false, 3, 12),
       ('Samsung 65" Q77C 4K QLED Smart TV (2023)',
        'Samsung 65" Q77C 4K QLED Smart TV et leverer en fantastisk billedkvalitet, der er velegnet til gaming takket være Quantum Dot-teknologien, AI Quantum-processoren, 100 % Colour Volume, AMD FreeSync Premium Pro og andre spilfunktioner.',
        '602742', 6990.00, false, 3, 3),
       ('HyperX Cloud Alpha trådløse gaming headset (rød/sort)',
        'Træd ind på gaming slagmarken med stil og komfort med disse HyperX Cloud Alpha trådløse gaming headset. Batteriet giver dig op til 300 timers brug og med 50 mm driverne med dobbeltkammerteknologi får du lydkvalitet som aldrig før.',
        '443038', 1099.00, false, 4, 13),

       ('JBL Quantum 100 gaming headset (sort)',
        'Med dette JBL Quantum 100 gaming headset kan du virkelig nyde din gaming, mens du kæmper dig frem mod sejren. Takket være de kraftfulde 40 mm drivers med detaljeret lydgengivelse og en pålidelig mikrofon får du et es i ærmet.',
        '251720', 299.00, false, 4, 14),
       ('AceZone A-Rise ANC gaming-headset',
        'Spil som en professionel e-sportsatlet med dette AceZone A-Rise ANC gaming-headset. Du får afbalanceret spillyd, mikrofon til at kommunikere med dine holdkammerater, hybrid støjreduktion og lette og komfortable 3D-ørepuder.',
        '585638', 5499.00, false, 4, 15),
       ('Piranha Rush 100 gaming-stol',
        'Giv dig selv den rette støtte og komfort, når du gamer, med Piranha Rush 100-gaming-stolen. Stolen er robust og med ekstra polstring, 360° rotation og vippefunktion, så du kan sidde godt, selv under lange spilsessioner.',
        '655784', 599.00, false, 4, 16),
       ('Arozzi Vernazza SoftPU gaming-stol (sort/rød)',
        'Oplev maksimal komfort når du gamer, takket være Arozzi Vernazza SoftPU gaming-stolen, den har et nemt rengøreligt materiale, justerbar højde, hældning og 3D armlæn, samt bløde puder til både hoved og lænd.',
        '696721', 2699.00, false, 4, 17),
       ('Arozzi Arena gaming skrivebord (rød)',
        'Få mere plads og komfort, når du gamer, med dette Arozzi Arena gaming skrivebord. Med 1,31 kvm plads, en stor musemåtte og kabelstyring på undersiden har skrivebordet plads til 3 skærme, et tastatur og en mus.',
        '278993', 2399.00, false, 4, 17);

SELECT p.name, p.description, p.ean, p.price, c.name as Category, b.name as brand
FROM product p
         JOIN category c on p.category_id = c.id
         JOIN brand b on p.brand_id = b.id;
commit;